Workbook

Sheet Análisis_Proveedores
A1: Análisis final de resultados por proveedor - Producto A - Último trimestre
A2: Código | B2: Nombre | C2: Ciudad | D2: Región | E2: Cantidades entregadas | F2: Índice de errores | G2: Índice de retrasos
A3: 2000 | B3: Proveedor A | C3: Nueva Esperanza | D3: Sur | E3: 3568 | F3: 0.12 | G3: 0.19
A4: 2001 | B4: Proveedor B | C4: Santa Aurora | D4: Sudeste | E4: 3096 | F4: 0.13 | G4: 0.15
A5: 2002 | B5: Proveedor C | C5: Villa del Sol | D5: Nordeste | E5: 1229 | F5: 0.11 | G5: 0.15
A6: 2003 | B6: Proveedor D | C6: San Horizonte | D6: Sur | E6: 937 | F6: 0.05 | G6: 0.06
A7: 2004 | B7: Proveedor E | C7: Puerto Sereno | D7: Sudeste | E7: 521 | F7: 0.15 | G7: 0.07
A8: 2005 | B8: Proveedor F | C8: Valle Verde | D8: Nordeste | E8: 1844 | F8: 0.12 | G8: 0.09
A9: 2006 | B9: Proveedor G | C9: Monte Claro | D9: Sur | E9: 1260 | F9: 0.13 | G9: 0.15
A10: 2007 | B10: Proveedor H | C10: Costa Azul | D10: Sudeste | E10: 670 | F10: 0.1 | G10: 0.06
A11: 2008 | B11: Proveedor I | C11: Santa Unión | D11: Nordeste | E11: 2164 | F11: 0.14 | G11: 0.03

Sheet Nuevos_Pedidos
A1: Nuevos pedidos pendientes - Producto A - Trimestre
A2: Región | B2: Cantidad | C2: Fecha de entrega
A3: Sur | B3: 2800 | C3: 46310
A4: Sudeste | B4: 5000 | C4: 46310
A5: Nordeste | B5: 3500 | C5: 46310

Sheet Distribución_Pedidos
A1: Distribución de los nuevos pedidos pendientes
A2: Código | B2: Nombre | C2: Ciudad | D2: Cantidad | E2: Mensaje
A3: =Análisis_Proveedores!A3 -> 2000 | B3: =Análisis_Proveedores!B3 -> Proveedor A | C3: =Análisis_Proveedores!C3 -> Nueva Esperanza | D3: {=_xlfn.LET( _xlpm.codes,Análisis_Proveedores!$A$3:$A$11, _xlpm.regs,Análisis_Proveedores!$D$3:$D$11, _xlpm.qty,Análisis_Proveedores!$E$3:$E$11, _xlpm.err,Análisis_Proveedores!$F$3:$F$11, _xlpm.delay,Análisis_Proveedores!$G$3:$G$11, _xlpm.code,A3, _xlpm.reg,_xlfn.XLOOKUP(_xlpm.code,_xlpm.codes,_xlpm.regs), _xlpm.score,_xlpm.qty*(1-_xlpm.err)*(1-_xlpm.delay), _xlpm.regScores,_xlfn._xlws.FILTER(_xlpm.score,_xlpm.regs=_xlpm.reg), _xlpm.regCodes,_xlfn._xlws.FILTER(_xlpm.codes,_xlpm.regs=_xlpm.reg), _xlpm.providerScore,_xlfn.XLOOKUP(_xlpm.code,_xlpm.codes,_xlpm.score), _xlpm.pedido,_xlfn.XLOOKUP(_xlpm.reg,Nuevos_Pedidos!$A$3:$A$5,Nuevos_Pedidos!$B$3:$B$5), _xlpm.raw,_xlpm.pedido*_xlpm.providerScore/SUM(_xlpm.regScores), _xlpm.base,ROUNDDOWN(_xlpm.raw,0), _xlpm.regRaw,_xlpm.pedido*_xlpm.regScores/SUM(_xlpm.regScores), _xlpm.remainders,_xlpm.regRaw-ROUNDDOWN(_xlpm.regRaw,0), _xlpm.rem,_xlpm.raw-_xlpm.base, _xlpm.rank,1+SUMPRODUCT(--(_xlpm.remainders>_xlpm.rem))+SUMPRODUCT(--(_xlpm.remainders=_xlpm.rem),--(_xlpm.regCodes<_xlpm.code)), _xlpm.remaining,_xlpm.pedido-SUM(ROUNDDOWN(_xlpm.regRaw,0)), _xlpm.base+IF(_xlpm.rank<=_xlpm.remaining,1,0) )} -> 1652 | E3: ="Distribución regional ponderada por entregas históricas, errores ("&TEXT(_xlfn.XLOOKUP(A3,Análisis_Proveedores!$A$3:$A$11,Análisis_Proveedores!$F$3:$F$11),"0%")&") y retrasos ("&TEXT(_xlfn.XLOOKUP(A3,Análisis_Proveedores!$A$3:$A$11,Análisis_Proveedores!$G$3:$G$11),"0%")&")." -> Distribución regional ponderada por entregas históricas, errores (12%) y retrasos (19%).
A4: =Análisis_Proveedores!A4 -> 2001 | B4: =Análisis_Proveedores!B4 -> Proveedor B | C4: =Análisis_Proveedores!C4 -> Santa Aurora | D4: {=_xlfn.LET( _xlpm.codes,Análisis_Proveedores!$A$3:$A$11, _xlpm.regs,Análisis_Proveedores!$D$3:$D$11, _xlpm.qty,Análisis_Proveedores!$E$3:$E$11, _xlpm.err,Análisis_Proveedores!$F$3:$F$11, _xlpm.delay,Análisis_Proveedores!$G$3:$G$11, _xlpm.code,A4, _xlpm.reg,_xlfn.XLOOKUP(_xlpm.code,_xlpm.codes,_xlpm.regs), _xlpm.score,_xlpm.qty*(1-_xlpm.err)*(1-_xlpm.delay), _xlpm.regScores,_xlfn._xlws.FILTER(_xlpm.score,_xlpm.regs=_xlpm.reg), _xlpm.regCodes,_xlfn._xlws.FILTER(_xlpm.codes,_xlpm.regs=_xlpm.reg), _xlpm.providerScore,_xlfn.XLOOKUP(_xlpm.code,_xlpm.codes,_xlpm.score), _xlpm.pedido,_xlfn.XLOOKUP(_xlpm.reg,Nuevos_Pedidos!$A$3:$A$5,Nuevos_Pedidos!$B$3:$B$5), _xlpm.raw,_xlpm.pedido*_xlpm.providerScore/SUM(_xlpm.regScores), _xlpm.base,ROUNDDOWN(_xlpm.raw,0), _xlpm.regRaw,_xlpm.pedido*_xlpm.regScores/SUM(_xlpm.regScores), _xlpm.remainders,_xlpm.regRaw-ROUNDDOWN(_xlpm.regRaw,0), _xlpm.rem,_xlpm.raw-_xlpm.base, _xlpm.rank,1+SUMPRODUCT(--(_xlpm.remainders>_xlpm.rem))+SUMPRODUCT(--(_xlpm.remainders=_xlpm.rem),--(_xlpm.regCodes<_xlpm.code)), _xlpm.remaining,_xlpm.pedido-SUM(ROUNDDOWN(_xlpm.regRaw,0)), _xlpm.base+IF(_xlpm.rank<=_xlpm.remaining,1,0) )} -> 3503 | E4: ="Distribución regional ponderada por entregas históricas, errores ("&TEXT(_xlfn.XLOOKUP(A4,Análisis_Proveedores!$A$3:$A$11,Análisis_Proveedores!$F$3:$F$11),"0%")&") y retrasos ("&TEXT(_xlfn.XLOOKUP(A4,Análisis_Proveedores!$A$3:$A$11,Análisis_Proveedores!$G$3:$G$11),"0%")&")." -> Distribución regional ponderada por entregas históricas, errores (13%) y retrasos (15%).
A5: =Análisis_Proveedores!A5 -> 2002 | B5: =Análisis_Proveedores!B5 -> Proveedor C | C5: =Análisis_Proveedores!C5 -> Villa del Sol | D5: {=_xlfn.LET( _xlpm.codes,Análisis_Proveedores!$A$3:$A$11, _xlpm.regs,Análisis_Proveedores!$D$3:$D$11, _xlpm.qty,Análisis_Proveedores!$E$3:$E$11, _xlpm.err,Análisis_Proveedores!$F$3:$F$11, _xlpm.delay,Análisis_Proveedores!$G$3:$G$11, _xlpm.code,A5, _xlpm.reg,_xlfn.XLOOKUP(_xlpm.code,_xlpm.codes,_xlpm.regs), _xlpm.score,_xlpm.qty*(1-_xlpm.err)*(1-_xlpm.delay), _xlpm.regScores,_xlfn._xlws.FILTER(_xlpm.score,_xlpm.regs=_xlpm.reg), _xlpm.regCodes,_xlfn._xlws.FILTER(_xlpm.codes,_xlpm.regs=_xlpm.reg), _xlpm.providerScore,_xlfn.XLOOKUP(_xlpm.code,_xlpm.codes,_xlpm.score), _xlpm.pedido,_xlfn.XLOOKUP(_xlpm.reg,Nuevos_Pedidos!$A$3:$A$5,Nuevos_Pedidos!$B$3:$B$5), _xlpm.raw,_xlpm.pedido*_xlpm.providerScore/SUM(_xlpm.regScores), _xlpm.base,ROUNDDOWN(_xlpm.raw,0), _xlpm.regRaw,_xlpm.pedido*_xlpm.regScores/SUM(_xlpm.regScores), _xlpm.remainders,_xlpm.regRaw-ROUNDDOWN(_xlpm.regRaw,0), _xlpm.rem,_xlpm.raw-_xlpm.base, _xlpm.rank,1+SUMPRODUCT(--(_xlpm.remainders>_xlpm.rem))+SUMPRODUCT(--(_xlpm.remainders=_xlpm.rem),--(_xlpm.regCodes<_xlpm.code)), _xlpm.remaining,_xlpm.pedido-SUM(ROUNDDOWN(_xlpm.regRaw,0)), _xlpm.base+IF(_xlpm.rank<=_xlpm.remaining,1,0) )} -> 773 | E5: ="Distribución regional ponderada por entregas históricas, errores ("&TEXT(_xlfn.XLOOKUP(A5,Análisis_Proveedores!$A$3:$A$11,Análisis_Proveedores!$F$3:$F$11),"0%")&") y retrasos ("&TEXT(_xlfn.XLOOKUP(A5,Análisis_Proveedores!$A$3:$A$11,Análisis_Proveedores!$G$3:$G$11),"0%")&")." -> Distribución regional ponderada por entregas históricas, errores (11%) y retrasos (15%).
A6: =Análisis_Proveedores!A6 -> 2003 | B6: =Análisis_Proveedores!B6 -> Proveedor D | C6: =Análisis_Proveedores!C6 -> San Horizonte | D6: {=_xlfn.LET( _xlpm.codes,Análisis_Proveedores!$A$3:$A$11, _xlpm.regs,Análisis_Proveedores!$D$3:$D$11, _xlpm.qty,Análisis_Proveedores!$E$3:$E$11, _xlpm.err,Análisis_Proveedores!$F$3:$F$11, _xlpm.delay,Análisis_Proveedores!$G$3:$G$11, _xlpm.code,A6, _xlpm.reg,_xlfn.XLOOKUP(_xlpm.code,_xlpm.codes,_xlpm.regs), _xlpm.score,_xlpm.qty*(1-_xlpm.err)*(1-_xlpm.delay), _xlpm.regScores,_xlfn._xlws.FILTER(_xlpm.score,_xlpm.regs=_xlpm.reg), _xlpm.regCodes,_xlfn._xlws.FILTER(_xlpm.codes,_xlpm.regs=_xlpm.reg), _xlpm.providerScore,_xlfn.XLOOKUP(_xlpm.code,_xlpm.codes,_xlpm.score), _xlpm.pedido,_xlfn.XLOOKUP(_xlpm.reg,Nuevos_Pedidos!$A$3:$A$5,Nuevos_Pedidos!$B$3:$B$5), _xlpm.raw,_xlpm.pedido*_xlpm.providerScore/SUM(_xlpm.regScores), _xlpm.base,ROUNDDOWN(_xlpm.raw,0), _xlpm.regRaw,_xlpm.pedido*_xlpm.regScores/SUM(_xlpm.regScores), _xlpm.remainders,_xlpm.regRaw-ROUNDDOWN(_xlpm.regRaw,0), _xlpm.rem,_xlpm.raw-_xlpm.base, _xlpm.rank,1+SUMPRODUCT(--(_xlpm.remainders>_xlpm.rem))+SUMPRODUCT(--(_xlpm.remainders=_xlpm.rem),--(_xlpm.regCodes<_xlpm.code)), _xlpm.remaining,_xlpm.pedido-SUM(ROUNDDOWN(_xlpm.regRaw,0)), _xlpm.base+IF(_xlpm.rank<=_xlpm.remaining,1,0) )} -> 543 | E6: ="Distribución regional ponderada por entregas históricas, errores ("&TEXT(_xlfn.XLOOKUP(A6,Análisis_Proveedores!$A$3:$A$11,Análisis_Proveedores!$F$3:$F$11),"0%")&") y retrasos ("&TEXT(_xlfn.XLOOKUP(A6,Análisis_Proveedores!$A$3:$A$11,Análisis_Proveedores!$G$3:$G$11),"0%")&")." -> Distribución regional ponderada por entregas históricas, errores (5%) y retrasos (6%).
A7: =Análisis_Proveedores!A7 -> 2004 | B7: =Análisis_Proveedores!B7 -> Proveedor E | C7: =Análisis_Proveedores!C7 -> Puerto Sereno | D7: {=_xlfn.LET( _xlpm.codes,Análisis_Proveedores!$A$3:$A$11, _xlpm.regs,Análisis_Proveedores!$D$3:$D$11, _xlpm.qty,Análisis_Proveedores!$E$3:$E$11, _xlpm.err,Análisis_Proveedores!$F$3:$F$11, _xlpm.delay,Análisis_Proveedores!$G$3:$G$11, _xlpm.code,A7, _xlpm.reg,_xlfn.XLOOKUP(_xlpm.code,_xlpm.codes,_xlpm.regs), _xlpm.score,_xlpm.qty*(1-_xlpm.err)*(1-_xlpm.delay), _xlpm.regScores,_xlfn._xlws.FILTER(_xlpm.score,_xlpm.regs=_xlpm.reg), _xlpm.regCodes,_xlfn._xlws.FILTER(_xlpm.codes,_xlpm.regs=_xlpm.reg), _xlpm.providerScore,_xlfn.XLOOKUP(_xlpm.code,_xlpm.codes,_xlpm.score), _xlpm.pedido,_xlfn.XLOOKUP(_xlpm.reg,Nuevos_Pedidos!$A$3:$A$5,Nuevos_Pedidos!$B$3:$B$5), _xlpm.raw,_xlpm.pedido*_xlpm.providerScore/SUM(_xlpm.regScores), _xlpm.base,ROUNDDOWN(_xlpm.raw,0), _xlpm.regRaw,_xlpm.pedido*_xlpm.regScores/SUM(_xlpm.regScores), _xlpm.remainders,_xlpm.regRaw-ROUNDDOWN(_xlpm.regRaw,0), _xlpm.rem,_xlpm.raw-_xlpm.base, _xlpm.rank,1+SUMPRODUCT(--(_xlpm.remainders>_xlpm.rem))+SUMPRODUCT(--(_xlpm.remainders=_xlpm.rem),--(_xlpm.regCodes<_xlpm.code)), _xlpm.remaining,_xlpm.pedido-SUM(ROUNDDOWN(_xlpm.regRaw,0)), _xlpm.base+IF(_xlpm.rank<=_xlpm.remaining,1,0) )} -> 630 | E7: ="Distribución regional ponderada por entregas históricas, errores ("&TEXT(_xlfn.XLOOKUP(A7,Análisis_Proveedores!$A$3:$A$11,Análisis_Proveedores!$F$3:$F$11),"0%")&") y retrasos ("&TEXT(_xlfn.XLOOKUP(A7,Análisis_Proveedores!$A$3:$A$11,Análisis_Proveedores!$G$3:$G$11),"0%")&")." -> Distribución regional ponderada por entregas históricas, errores (15%) y retrasos (7%).
A8: =Análisis_Proveedores!A8 -> 2005 | B8: =Análisis_Proveedores!B8 -> Proveedor F | C8: =Análisis_Proveedores!C8 -> Valle Verde | D8: {=_xlfn.LET( _xlpm.codes,Análisis_Proveedores!$A$3:$A$11, _xlpm.regs,Análisis_Proveedores!$D$3:$D$11, _xlpm.qty,Análisis_Proveedores!$E$3:$E$11, _xlpm.err,Análisis_Proveedores!$F$3:$F$11, _xlpm.delay,Análisis_Proveedores!$G$3:$G$11, _xlpm.code,A8, _xlpm.reg,_xlfn.XLOOKUP(_xlpm.code,_xlpm.codes,_xlpm.regs), _xlpm.score,_xlpm.qty*(1-_xlpm.err)*(1-_xlpm.delay), _xlpm.regScores,_xlfn._xlws.FILTER(_xlpm.score,_xlpm.regs=_xlpm.reg), _xlpm.regCodes,_xlfn._xlws.FILTER(_xlpm.codes,_xlpm.regs=_xlpm.reg), _xlpm.providerScore,_xlfn.XLOOKUP(_xlpm.code,_xlpm.codes,_xlpm.score), _xlpm.pedido,_xlfn.XLOOKUP(_xlpm.reg,Nuevos_Pedidos!$A$3:$A$5,Nuevos_Pedidos!$B$3:$B$5), _xlpm.raw,_xlpm.pedido*_xlpm.providerScore/SUM(_xlpm.regScores), _xlpm.base,ROUNDDOWN(_xlpm.raw,0), _xlpm.regRaw,_xlpm.pedido*_xlpm.regScores/SUM(_xlpm.regScores), _xlpm.remainders,_xlpm.regRaw-ROUNDDOWN(_xlpm.regRaw,0), _xlpm.rem,_xlpm.raw-_xlpm.base, _xlpm.rank,1+SUMPRODUCT(--(_xlpm.remainders>_xlpm.rem))+SUMPRODUCT(--(_xlpm.remainders=_xlpm.rem),--(_xlpm.regCodes<_xlpm.code)), _xlpm.remaining,_xlpm.pedido-SUM(ROUNDDOWN(_xlpm.regRaw,0)), _xlpm.base+IF(_xlpm.rank<=_xlpm.remaining,1,0) )} -> 1227 | E8: ="Distribución regional ponderada por entregas históricas, errores ("&TEXT(_xlfn.XLOOKUP(A8,Análisis_Proveedores!$A$3:$A$11,Análisis_Proveedores!$F$3:$F$11),"0%")&") y retrasos ("&TEXT(_xlfn.XLOOKUP(A8,Análisis_Proveedores!$A$3:$A$11,Análisis_Proveedores!$G$3:$G$11),"0%")&")." -> Distribución regional ponderada por entregas históricas, errores (12%) y retrasos (9%).
A9: =Análisis_Proveedores!A9 -> 2006 | B9: =Análisis_Proveedores!B9 -> Proveedor G | C9: =Análisis_Proveedores!C9 -> Monte Claro | D9: {=_xlfn.LET( _xlpm.codes,Análisis_Proveedores!$A$3:$A$11, _xlpm.regs,Análisis_Proveedores!$D$3:$D$11, _xlpm.qty,Análisis_Proveedores!$E$3:$E$11, _xlpm.err,Análisis_Proveedores!$F$3:$F$11, _xlpm.delay,Análisis_Proveedores!$G$3:$G$11, _xlpm.code,A9, _xlpm.reg,_xlfn.XLOOKUP(_xlpm.code,_xlpm.codes,_xlpm.regs), _xlpm.score,_xlpm.qty*(1-_xlpm.err)*(1-_xlpm.delay), _xlpm.regScores,_xlfn._xlws.FILTER(_xlpm.score,_xlpm.regs=_xlpm.reg), _xlpm.regCodes,_xlfn._xlws.FILTER(_xlpm.codes,_xlpm.regs=_xlpm.reg), _xlpm.providerScore,_xlfn.XLOOKUP(_xlpm.code,_xlpm.codes,_xlpm.score), _xlpm.pedido,_xlfn.XLOOKUP(_xlpm.reg,Nuevos_Pedidos!$A$3:$A$5,Nuevos_Pedidos!$B$3:$B$5), _xlpm.raw,_xlpm.pedido*_xlpm.providerScore/SUM(_xlpm.regScores), _xlpm.base,ROUNDDOWN(_xlpm.raw,0), _xlpm.regRaw,_xlpm.pedido*_xlpm.regScores/SUM(_xlpm.regScores), _xlpm.remainders,_xlpm.regRaw-ROUNDDOWN(_xlpm.regRaw,0), _xlpm.rem,_xlpm.raw-_xlpm.base, _xlpm.rank,1+SUMPRODUCT(--(_xlpm.remainders>_xlpm.rem))+SUMPRODUCT(--(_xlpm.remainders=_xlpm.rem),--(_xlpm.regCodes<_xlpm.code)), _xlpm.remaining,_xlpm.pedido-SUM(ROUNDDOWN(_xlpm.regRaw,0)), _xlpm.base+IF(_xlpm.rank<=_xlpm.remaining,1,0) )} -> 605 | E9: ="Distribución regional ponderada por entregas históricas, errores ("&TEXT(_xlfn.XLOOKUP(A9,Análisis_Proveedores!$A$3:$A$11,Análisis_Proveedores!$F$3:$F$11),"0%")&") y retrasos ("&TEXT(_xlfn.XLOOKUP(A9,Análisis_Proveedores!$A$3:$A$11,Análisis_Proveedores!$G$3:$G$11),"0%")&")." -> Distribución regional ponderada por entregas históricas, errores (13%) y retrasos (15%).
A10: =Análisis_Proveedores!A10 -> 2007 | B10: =Análisis_Proveedores!B10 -> Proveedor H | C10: =Análisis_Proveedores!C10 -> Costa Azul | D10: {=_xlfn.LET( _xlpm.codes,Análisis_Proveedores!$A$3:$A$11, _xlpm.regs,Análisis_Proveedores!$D$3:$D$11, _xlpm.qty,Análisis_Proveedores!$E$3:$E$11, _xlpm.err,Análisis_Proveedores!$F$3:$F$11, _xlpm.delay,Análisis_Proveedores!$G$3:$G$11, _xlpm.code,A10, _xlpm.reg,_xlfn.XLOOKUP(_xlpm.code,_xlpm.codes,_xlpm.regs), _xlpm.score,_xlpm.qty*(1-_xlpm.err)*(1-_xlpm.delay), _xlpm.regScores,_xlfn._xlws.FILTER(_xlpm.score,_xlpm.regs=_xlpm.reg), _xlpm.regCodes,_xlfn._xlws.FILTER(_xlpm.codes,_xlpm.regs=_xlpm.reg), _xlpm.providerScore,_xlfn.XLOOKUP(_xlpm.code,_xlpm.codes,_xlpm.score), _xlpm.pedido,_xlfn.XLOOKUP(_xlpm.reg,Nuevos_Pedidos!$A$3:$A$5,Nuevos_Pedidos!$B$3:$B$5), _xlpm.raw,_xlpm.pedido*_xlpm.providerScore/SUM(_xlpm.regScores), _xlpm.base,ROUNDDOWN(_xlpm.raw,0), _xlpm.regRaw,_xlpm.pedido*_xlpm.regScores/SUM(_xlpm.regScores), _xlpm.remainders,_xlpm.regRaw-ROUNDDOWN(_xlpm.regRaw,0), _xlpm.rem,_xlpm.raw-_xlpm.base, _xlpm.rank,1+SUMPRODUCT(--(_xlpm.remainders>_xlpm.rem))+SUMPRODUCT(--(_xlpm.remainders=_xlpm.rem),--(_xlpm.regCodes<_xlpm.code)), _xlpm.remaining,_xlpm.pedido-SUM(ROUNDDOWN(_xlpm.regRaw,0)), _xlpm.base+IF(_xlpm.rank<=_xlpm.remaining,1,0) )} -> 867 | E10: ="Distribución regional ponderada por entregas históricas, errores ("&TEXT(_xlfn.XLOOKUP(A10,Análisis_Proveedores!$A$3:$A$11,Análisis_Proveedores!$F$3:$F$11),"0%")&") y retrasos ("&TEXT(_xlfn.XLOOKUP(A10,Análisis_Proveedores!$A$3:$A$11,Análisis_Proveedores!$G$3:$G$11),"0%")&")." -> Distribución regional ponderada por entregas históricas, errores (10%) y retrasos (6%).
A11: =Análisis_Proveedores!A11 -> 2008 | B11: =Análisis_Proveedores!B11 -> Proveedor I | C11: =Análisis_Proveedores!C11 -> Santa Unión | D11: {=_xlfn.LET( _xlpm.codes,Análisis_Proveedores!$A$3:$A$11, _xlpm.regs,Análisis_Proveedores!$D$3:$D$11, _xlpm.qty,Análisis_Proveedores!$E$3:$E$11, _xlpm.err,Análisis_Proveedores!$F$3:$F$11, _xlpm.delay,Análisis_Proveedores!$G$3:$G$11, _xlpm.code,A11, _xlpm.reg,_xlfn.XLOOKUP(_xlpm.code,_xlpm.codes,_xlpm.regs), _xlpm.score,_xlpm.qty*(1-_xlpm.err)*(1-_xlpm.delay), _xlpm.regScores,_xlfn._xlws.FILTER(_xlpm.score,_xlpm.regs=_xlpm.reg), _xlpm.regCodes,_xlfn._xlws.FILTER(_xlpm.codes,_xlpm.regs=_xlpm.reg), _xlpm.providerScore,_xlfn.XLOOKUP(_xlpm.code,_xlpm.codes,_xlpm.score), _xlpm.pedido,_xlfn.XLOOKUP(_xlpm.reg,Nuevos_Pedidos!$A$3:$A$5,Nuevos_Pedidos!$B$3:$B$5), _xlpm.raw,_xlpm.pedido*_xlpm.providerScore/SUM(_xlpm.regScores), _xlpm.base,ROUNDDOWN(_xlpm.raw,0), _xlpm.regRaw,_xlpm.pedido*_xlpm.regScores/SUM(_xlpm.regScores), _xlpm.remainders,_xlpm.regRaw-ROUNDDOWN(_xlpm.regRaw,0), _xlpm.rem,_xlpm.raw-_xlpm.base, _xlpm.rank,1+SUMPRODUCT(--(_xlpm.remainders>_xlpm.rem))+SUMPRODUCT(--(_xlpm.remainders=_xlpm.rem),--(_xlpm.regCodes<_xlpm.code)), _xlpm.remaining,_xlpm.pedido-SUM(ROUNDDOWN(_xlpm.regRaw,0)), _xlpm.base+IF(_xlpm.rank<=_xlpm.remaining,1,0) )} -> 1500 | E11: ="Distribución regional ponderada por entregas históricas, errores ("&TEXT(_xlfn.XLOOKUP(A11,Análisis_Proveedores!$A$3:$A$11,Análisis_Proveedores!$F$3:$F$11),"0%")&") y retrasos ("&TEXT(_xlfn.XLOOKUP(A11,Análisis_Proveedores!$A$3:$A$11,Análisis_Proveedores!$G$3:$G$11),"0%")&")." -> Distribución regional ponderada por entregas históricas, errores (14%) y retrasos (3%).
